<?xml version="1.0" encoding="UTF-8" standalone="yes"?>
<addon id="plugin.video.theGRIFFbuildv3" name="theGRIFFbuildv3" version="1.0.0" provider-name="K33PY">
  <requires>
    <import addon="xbmc.python" version="2.1.0"/>
  </requires>
  <extension point="xbmc.python.pluginsource" library="default.py">
        <provides>program executable</provides>
  </extension>
  <extension point="xbmc.addon.metadata">
    <summary lang="en">theGRIFFbuild wizard</summary>
    <description lang="en">Buy a bonus ball LOL</description>
	<website>http://k33pyswizard.co.uk/griff</website>
    <platform>all</platform>
  </extension>
</addon>
