<?xml version="1.0" encoding="UTF-8" standalone="yes"?>
<addon id="plugin.program.wizards.sleeve" name="THE WIZARDS SLEEVE" version="1.0.1" provider-name="KOBRA">
  <requires>
    <import addon="xbmc.python" version="2.1.0"/>
	<import addon="script.module.addon.common" />
  </requires>
  <extension point="xbmc.python.pluginsource" library="default.py">
        <provides>video executable</provides>
  </extension>
  <extension point="xbmc.addon.metadata">
    <summary lang="en">THE WIZARDS SLEEVE</summary>
    <description lang="en">Welcome to The Wizards Sleeve. Here you will find some of the most popular wizards all in one place.</description>
	<website>https://www.facebook.com/groups/KodiCustomBuilds/</website>
    <platform>all</platform>
  </extension>
</addon>
