<?xml version="1.0" encoding="UTF-8" standalone="yes"?>
<addon id="plugin.video.kobra.tube"
	name="Kobra Tube"
	version="1.0.0"
	provider-name="Kobra">
  <requires>
    <import addon="xbmc.python" version="2.1.0"/>
    <import addon="script.module.addon.common" version="2.0.0"/>
    <import addon="plugin.video.youtube" version="5.0.0"/>
  </requires>
  <extension point="xbmc.python.pluginsource" library="default.py">
    <provides>video</provides>
  </extension>
  <extension point="xbmc.addon.metadata">
    <summary lang="en">Kobra Tube</summary>
    <description lang="en">The Official YouTube Channel For Kobra</description>
    <platform>all</platform>
    <forum>https://www.facebook.com/groups/KodiCustomBuilds/</forum>
    <website></website>
  </extension>
</addon>
