<?xml version="1.0" encoding="UTF-8" standalone="yes"?>
<addon id="repository.kobra" name="[COLOR red][B][I]KOBRA[/I][/B][/COLOR][COLOR grey] [B]REPOSITORY[/B][/COLOR]" version="1.0.2" provider-name="[COLOR red][B][I]KOBRA[/I][/B][/COLOR][COLOR grey] [B]BUILDS[/B][/COLOR]">
	<extension point="xbmc.addon.repository" name="[COLOR red][B][I]KOBRA[/I][/B][/COLOR][COLOR grey] [B]REPOSITORY[/B][/COLOR]">
		<info compressed="false">https://raw.github.com/Barroni1977/kobra/master/addons.xml</info>
		<checksum>https://raw.github.com/Barroni1977/kobra/master/addons.xml.md5</checksum>
		<datadir zip="true">https://raw.github.com/Barroni1977/kobra/master/</datadir>
	</extension>
	<extension point="xbmc.addon.metadata">
		<summary>Kobra Repository</summary>
		<description>[COLOR red][B][I]KOBRA[/I][/B][/COLOR][COLOR grey] [B]REPOSITORY.[/B][/COLOR] The home of Kobra Builds Add-ons</description>
		<platform>all</platform>
	</extension>
</addon>
