<?xml version="1.0" encoding="UTF-8" standalone="yes"?>
<addon id="repository.kobra" name="Kobra Repo" version="1.0.1" provider-name="KCB">
	<extension point="xbmc.addon.repository" name="Kobra Repo">
		<info compressed="false">https://raw.github.com/Barroni1977/kobra/master/addons.xml</info>
		<checksum>https://raw.github.com/Barroni1977/kobra/master/addons.xml.md5</checksum>
		<datadir zip="true">https://raw.github.com/Barroni1977/kobra/master/</datadir>
	</extension>
	<extension point="xbmc.addon.metadata">
		<summary>Kobra Repository</summary>
		<description>Home of the Kobra wizard</description>
		<platform>all</platform>
	</extension>
</addon>
