<?xml version="1.0" encoding="UTF-8" standalone="yes"?>
<addon id="plugin.video.kobrawizard" name="[COLOR lime][I]KOBRA [/I][/COLOR][COLOR ghostwhite] WIZARD[/COLOR]" version="13.1" provider-name="[COLOR ghostwhite]Provided by[/COLOR] [COLOR lime][I]KOBRA [/I][/COLOR]">
  <requires>
    <import addon="xbmc.python" version="2.1.0"/>
    <import addon="plugin.program.kobra.notifications" />
    <import addon="plugin.video.kobra.tube" />
    <import addon="program.kobra.app.installer" />
  </requires>
  <extension point="xbmc.python.pluginsource" library="default.py">
        <provides>video executable</provides>
  </extension>
  <extension point="xbmc.service" library="startup.py" start="startup" />
  <extension point="xbmc.addon.metadata">
    <summary lang="en">[COLOR lime][I]KOBRA[/I][/COLOR][COLOR ghostwhite] WIZARD[/COLOR]</summary>
    <description lang="en">[COLOR lime][I]KOBRA[/I][/COLOR][COLOR ghostwhite] WIZARD[/COLOR] [COLOR ghostwhite]provides easy access to [I]Kobra[/I] builds at the click of a button. The wizard also provides [I]Kobra[/I] custom packs to enable the user to customize the build to their own taste. [I]Kobra[/I] App Installer and [I]Kobra[/I] Tube are also included with the [I]Kobra[/I] Wizard. No addons are distributed with [I]Kobra[/I] builds. You will be asked if you would like to download each addons as you click on main menu and sub menu items.
Thanks to all Devs who have contributed to this project![/COLOR]</description>
    <platform>all</platform>
  </extension>
</addon>
