<?xml version="1.0" encoding="UTF-8" standalone="yes"?>
<addon id="plugin.program.avstream" name="Kobra XXX Streams" version="0.0.1" provider-name="Kobra">
  <requires>
    <import addon="xbmc.python" version="2.1.0"/>
	<import addon="script.module.addon.common" />
  </requires>
  <extension point="xbmc.python.pluginsource" library="default.py">
        <provides>executable</provides>
  </extension>
  <extension point="xbmc.addon.metadata">
    <summary lang="en">You must be 18 or over to use this add_on</summary>
    <description lang="en">This program provides easy access to Kobra XXX Streams at the click of a button</description>
    <platform>all</platform>
  </extension>
</addon>
