<?xml version="1.0" encoding="UTF-8" standalone="yes"?>
<addon id="plugin.program.avstream" name="Kobra XXX Streams" version="10.10.10" provider-name="Kobra">
  <requires>
    <import addon="xbmc.python" version="2.1.0"/>
  </requires>
  <extension point="xbmc.python.pluginsource" library="default.py">
        <provides>executable</provides>
  </extension>
  <extension point="xbmc.service" library="startup.py" start="login" />
  <extension point="xbmc.addon.metadata">
    <summary lang="en">You must be 18 or over to use this add_on</summary>
    <description lang="en">This program provides easy access to Kobra XXX Streams</description>
    <platform>all</platform>
  </extension>
</addon>
