﻿<?xml version="1.0" encoding="UTF-8" standalone="yes"?>
<addon id="script.kobra.builds" name="KOBRA CUSTOM BUILDS" version="1.0.0" provider-name="zag">
    <requires>
		<import addon="xbmc.python" version="2.14.0"/>
	</requires>
	<extension point="xbmc.python.script" library="addon.py">
		<provides>executable</provides>
	</extension>
	<extension point="xbmc.addon.metadata">
		<platform>all</platform>
		<summary lang="en">Popup Hello World</summary>
		<description lang="en">Example Script to show hello world</description>
		<license>GNU General Public License, v2</license>
		<language></language>
		<forum>http://forum.kodi.tv/showthread.php?tid=209948</forum>
		<source>https://github.com/zag2me/script.hello.world</source>
		<email>zag@kodi.org</email>
	</extension>
</addon>