<?xml version="1.0" encoding="UTF-8" standalone="yes"?>
<addon id="repository.kobra" name="[COLOR lime][I]KOBRA[/I][/COLOR][COLOR ghostwhite] REPOSITORY[/COLOR]" version="1.0.4" provider-name="[COLOR lime][I]KOBRA[/I][/COLOR]">
	<extension point="xbmc.addon.repository" name="[COLOR lime][I]KOBRA[/I][/COLOR][COLOR ghostwhite] REPOSITORY[/COLOR]">
		<info compressed="false">https://raw.github.com/Barroni1977/kobra/master/addons.xml</info>
		<checksum>https://raw.github.com/Barroni1977/kobra/master/addons.xml.md5</checksum>
		<datadir zip="true">https://raw.github.com/Barroni1977/kobra/master/</datadir>
	</extension>
	<extension point="xbmc.addon.metadata">
		<summary>Kobra Repository</summary>
		<description>[COLOR lime][I]KOBRA[/I][/COLOR][COLOR ghostwhite] REPOSITORY.[/COLOR] [COLOR dodgerblue]The home of Kobra Builds Add-ons[/COLOR]</description>
		<platform>all</platform>
	</extension>
</addon>
