<?xml version="1.0" encoding="UTF-8" standalone="yes"?>
<addon id="plugin.video.kobrawizard" name="[COLOR red][B][I]KOBRA[/I][/B][/COLOR][COLOR grey] [B]WIZARD[/B][/COLOR]" version="6.7" provider-name="[COLOR red][B][I]KOBRA[/I][/B][/COLOR][COLOR grey] [B]BUILDS[/B][/COLOR]">
  <requires>
    <import addon="xbmc.python" version="2.1.0"/>
	<import addon="script.module.addon.common" />
	<import addon="plugin.program.kobra.notifications" />
    <import addon="plugin.video.kobra.tube" />
	<import addon="program.kobra.app.installer" />
  </requires>
  <extension point="xbmc.python.pluginsource" library="default.py">
        <provides>video executable</provides>
  </extension>
  <extension point="xbmc.addon.metadata">
    <summary lang="en">Kobra Wizard</summary>
    <description lang="en">[COLOR red][B][I]KOBRA[/I][/B][/COLOR][COLOR grey] [B]WIZARD[/B][/COLOR] provides easy access to [I]Kobra[/I] builds at the click of a button. The wizard also provides [I]Kobra[/I] custom packs to enable the user to customize the build to their own taste. [I]Kobra[/I] App Installer and [I]Kobra[/I] Tube are also included with the [I]Kobra[/I] Wizard. No addons are distributed with [I]Kobra[/I] builds. You will be asked if you would like to download each addons as you click on main menu and sub menu items.
Thanks to all Devs who have contributed to this project!</description>
    <platform>all</platform>
  </extension>
</addon>
