<?xml version="1.0" encoding="UTF-8" standalone="yes"?>
<addon id="program.kobra.app.installer" name="Kobra App Installer" version="1.0.3" provider-name="Kobra">
  <requires>
    <import addon="xbmc.python" version="2.1.0"/>
	<import addon="script.module.addon.common" />
  </requires>
  <extension point="xbmc.python.pluginsource" library="default.py">
        <provides>video executable</provides>
  </extension>
  <extension point="xbmc.addon.metadata">
    <summary lang="en">Kobra App Instaler.</summary>
    <description lang="en">Kobra App Installer. Browse through the most popular Android apps on the market and install them with ease. The author of this addon takes no responsibilty for any content viewed via these applications or any damage caused by use of of these applications. </description>
	<website></website>
    <platform>all</platform>
  </extension>
</addon>
